[{"@type":"mtTask","id":"@1","name":"MCT_TopInvoice","description":"","runtimeEnvironmentId":"@1GCoGzLcx0zbBJCHdKULaX","maxLogs":10,"verbose":false,"lastRunTime":1557330440000,"mappingId":"@1UlO0vwIW9PkBb6YbvkMai","shortDescription":"","sessionProperties":{},"enableCrossSchemaPushdown":false,"parameters":[{"@type":"mtTaskParameter","id":6955221,"name":"$Src_RetailSales$","type":"EXTENDED_SOURCE","label":"Src_RetailSales","uiProperties":{"connectionParameterized":"false","isMsrcFilterParameterized":"false","isMsrcSortParameterized":"false","objectParameterized":"false","visible":"false"},"sourceConnectionId":"@9Vu63gRBru4jysKSMje8aV","newFlatFile":false,"newObject":false,"showBusinessNames":false,"naturalOrder":true,"truncateTarget":false,"bulkApiDBTarget":false,"customFuncCfg":{"@type":"customFuncConfig","id":-1,"connections":[],"inputMap":[],"outputFields":[]},"tgtFieldRefs":{},"targetUpdateColumns":[],"extendedObject":{"@type":"extendedObject","object":{"@type":"mObject","name":"onlineretailsales","label":"onlineretailsales","metadataUpdated":false,"relations":[],"children":[]},"filters":[],"sortFields":[]},"runtimeAttrs":{},"isRESTModernSource":true,"isFileList":false,"handleSpecialChars":false,"fetchMode":"ORIGINAL","tgtObjectAttributes":{},"overriddenFields":[]},{"@type":"mtTaskParameter","id":6955222,"name":"$Tgt_TopInvoice$","type":"TARGET","label":"Tgt_TopInvoice","uiProperties":{"connectionParameterized":"false","objectParameterized":"false","visible":"false","defaultTargetUpdateColumns":""},"targetConnectionId":"@6cvwQmEa3c7eW7GfYKRS0S","targetObject":"topinvoice.csv","targetObjectLabel":"topinvoice.csv","newFlatFile":false,"newObject":true,"showBusinessNames":false,"naturalOrder":true,"newObjectName":"topinvoice.csv","truncateTarget":false,"bulkApiDBTarget":false,"operationType":"Insert","tgtFFAttrs":{"@type":"flatFileAttrs","id":1236055,"delimiter":",","textQualifier":"\"","escapeChar":"","headerLineNo":1},"customFuncCfg":{"@type":"customFuncConfig","id":-1,"connections":[],"inputMap":[],"outputFields":[]},"tgtFieldRefs":{},"targetUpdateColumns":[],"extendedObject":{"@type":"extendedObject","filters":[],"sortFields":[]},"runtimeAttrs":{},"isRESTModernSource":true,"isFileList":false,"handleSpecialChars":false,"fetchMode":"ORIGINAL","tgtObjectAttributes":{},"overriddenFields":[]}],"sequences":[],"inOutParameters":[],"connRuntimeAttrs":[]}]