[{"@type":"mappingTemplate","id":"@1","name":"Sophos_sample","description":"","bundleVersion":"0","templateId":"@3","deployTime":1555620096000,"hasParameters":false,"valid":true,"fixedConnection":true,"hasParametersDeployed":false,"fixedConnectionDeployed":true,"tasks":0,"mappingPreviewFileRecordId":"@2","references":[{"@type":"reference","refObjectId":"@53TxoKvd2YLggHKaMtguQi","refType":"connection"},{"@type":"reference","refObjectId":"@cZ8fkOiZXwmdBbicH9XGAP","refType":"structureDefinition"},{"@type":"reference","refObjectId":"@eN3Qe3UH82Fe7vid3DKqof","refType":"connection"}]}]