[{"@type":"mappingTemplate","id":"@1","name":"LoadRetailSalesTransactions","description":"","bundleVersion":"0","templateId":"@3","deployTime":1554391249000,"hasParameters":false,"valid":true,"fixedConnection":true,"hasParametersDeployed":false,"fixedConnectionDeployed":true,"tasks":1,"mappingPreviewFileRecordId":"@2","references":[{"@type":"reference","refObjectId":"@6cvwQmEa3c7eW7GfYKRS0S","refType":"connection"},{"@type":"reference","refObjectId":"@9Vu63gRBru4jysKSMje8aV","refType":"connection"}]}]