[{"@type":"connection","id":"@1","name":"FlatFile_sales_DW","description":"This is needed for sales DW scenarios","runtimeEnvironmentId":"@1GCoGzLcx0zbBJCHdKULaX","dateFormat":"MM/dd/yyyy HH:mm:ss","database":"/activevos/sourcefiles","codepage":"ISO-8859-15","shortDescription":"This is needed for sales DW scenarios","type":"CSVFile","port":0,"majorUpdateTime":"2018-02-11T06:55:03.000Z","timeout":60,"connParams":{"agentId":"01013R08000000000002","agentGroupId":"01013R25000000000002","orgId":"01013R"}}]