[{"@type":"mappingTemplate","id":"@1","name":"cih_sub_Account_Contact_Opportunity","description":"Created by the Informatica Cloud Integration Hub Salesforce Accelerator. A mapping that subscribes to data from an Informatica Cloud Integration Hub Salesforce topic.","bundleVersion":"0","templateId":"@3","deployTime":1541003945000,"hasParameters":true,"valid":true,"fixedConnection":false,"hasParametersDeployed":true,"fixedConnectionDeployed":false,"tasks":0,"mappingPreviewFileRecordId":"@2","references":[]}]