[{"@type":"mtTask","id":"@1","name":"MCT Write to Warehouse","description":"","runtimeEnvironmentId":"@1GCoGzLcx0zbBJCHdKULaX","maxLogs":10,"verbose":false,"mappingId":"@3N7g8fdKDbjf9IrmKD8buk","shortDescription":"","sessionProperties":{},"enableCrossSchemaPushdown":true,"parameters":[{"@type":"mtTaskParameter","id":9548916,"name":"$Source$","type":"EXTENDED_SOURCE","label":"SourceConnection","description":"","uiProperties":{"connectionParameterized":"true","logcnx":"SourceConnection","isMsrcFilterParameterized":"false","isMsrcSortParameterized":"false","objlabel":"SourceDataObject","objectParameterized":"true","objDesc":""},"sourceConnectionId":"@6cvwQmEa3c7eW7GfYKRS0S","newFlatFile":false,"newObject":false,"showBusinessNames":true,"naturalOrder":true,"truncateTarget":false,"bulkApiDBTarget":false,"customFuncCfg":{"@type":"customFuncConfig","id":-1,"connections":[],"inputMap":[],"outputFields":[]},"tgtFieldRefs":{},"targetUpdateColumns":[],"extendedObject":{"@type":"extendedObject","object":{"@type":"mObject","name":"OnlineRetailAustralia.csv","label":"OnlineRetailAustralia.csv","metadataUpdated":false,"relations":[],"children":[]},"filters":[],"sortFields":[]},"runtimeAttrs":{},"isRESTModernSource":true,"isFileList":false,"handleSpecialChars":false,"tgtObjectAttributes":{},"overriddenFields":[]},{"@type":"mtTaskParameter","id":9548917,"name":"$Target$","type":"TARGET","label":"TargetConnection","description":"","uiProperties":{"connectionParameterized":"true","logcnx":"TargetConnection","objlabel":"TargetDataObject","objectParameterized":"true","objDesc":"","defaultTargetUpdateColumns":""},"targetConnectionId":"@9Vu63gRBru4jysKSMje8aV","targetObject":"onlineretailsales","targetObjectLabel":"onlineretailsales","newFlatFile":false,"newObject":false,"showBusinessNames":true,"naturalOrder":true,"truncateTarget":false,"bulkApiDBTarget":false,"operationType":"Insert","customFuncCfg":{"@type":"customFuncConfig","id":-1,"connections":[],"inputMap":[],"outputFields":[]},"tgtFieldRefs":{},"targetUpdateColumns":[],"extendedObject":{"@type":"extendedObject","filters":[],"sortFields":[]},"runtimeAttrs":{},"isRESTModernSource":true,"isFileList":false,"handleSpecialChars":false,"tgtObjectAttributes":{},"overriddenFields":[]}],"sequences":[],"inOutParameters":[],"connRuntimeAttrs":[]}]