[{"@type":"connection","id":"@1","name":"MySQL_sales_DW","description":"This is needed for sales DW scenarios","runtimeEnvironmentId":"@1GCoGzLcx0zbBJCHdKULaX","instanceName":"JDBC_IC","database":"sales_dw","shortDescription":"This is needed for sales DW scenarios","type":"TOOLKIT","port":3306,"majorUpdateTime":"2018-04-09T12:20:25.000Z","timeout":60,"connParams":{"JDBC Jar Directory":"/activevos/sourcefiles","mode":"UPDATE","agentId":"01013R08000000000002","JDBC Driver Class Name":null,"Username":"luc","agentGroupId":"01013R25000000000002","Schema":"sales_dw","JDBC Connection URL":"jdbc:mysql://localhost:3306/sales_dw?autoReconnect=true&useSSL=false","orgId":"01013R","Password":"********"}}]