[{"@type":"connection","id":"@1","name":"CDI-Oracle","runtimeEnvironmentId":"@7kX411S4axjlXraCenEM8E","host":"psrlq04.informatica.com","database":"SUN10G.informatica.com","codepage":"MS1252","adjustedJdbcHostName":"psrlq04.informatica.com","type":"Oracle","port":1521,"password":"********","username":"saasaccept2","majorUpdateTime":"2019-03-05T15:24:55.000Z","timeout":60,"connParams":{"agentId":"01013R0800000000000I","CryptoProtocolVersion":"TLSv1","agentGroupId":"01013R2500000000000O","keyStore":null,"trustStore":null,"HostNameInCertificate":null,"encryptionMethod":"NoEncryption","orgId":"01013R","ValidateServerCertificate":"False"}}]