[{"@type":"mappingTemplate","id":"@1","name":"cih_pub_Account_Contact_Opportunity","description":"Created by the Informatica Cloud Integration Hub Salesforce Accelerator. A mapping that publishes data from Salesforce to Informatica Cloud Integration Hub.","bundleVersion":"0","templateId":"@3","deployTime":1541003943000,"hasParameters":true,"valid":true,"fixedConnection":false,"hasParametersDeployed":true,"fixedConnectionDeployed":false,"tasks":0,"mappingPreviewFileRecordId":"@2","references":[]}]