[{"@type":"mtTask","id":"@1","name":"MappingTask_with_error_file","description":"","runtimeEnvironmentId":"@7kX411S4axjlXraCenEM8E","maxLogs":10,"verbose":false,"mappingId":"@6J6jAzrzi1thtyRRpiiykQ","shortDescription":"","sessionProperties":{"Error Log File Directory":"C:\\ff-mv","Error Log File Name":"mapping_error.csv","Error Log Type":"Flat File"},"enableCrossSchemaPushdown":true,"parameters":[{"@type":"mtTaskParameter","id":8572765,"name":"$Source$","type":"EXTENDED_SOURCE","label":"Source","uiProperties":{"connectionParameterized":"false","isMsrcFilterParameterized":"false","isMsrcSortParameterized":"false","objectParameterized":"false","visible":"false"},"sourceConnectionId":"@53TxoKvd2YLggHKaMtguQi","newFlatFile":false,"newObject":false,"showBusinessNames":false,"naturalOrder":true,"truncateTarget":false,"bulkApiDBTarget":false,"srcFFAttrs":{"@type":"flatFileAttrs","id":1572295,"delimiter":",","textQualifier":"\"","escapeChar":"","headerLineNo":1,"firstDataRow":2},"customFuncCfg":{"@type":"customFuncConfig","id":-1,"connections":[],"inputMap":[],"outputFields":[]},"tgtFieldRefs":{},"targetUpdateColumns":[],"extendedObject":{"@type":"extendedObject","object":{"@type":"mObject","name":"customers.csv","label":"customers.csv","metadataUpdated":false,"relations":[],"children":[]},"filters":[],"sortFields":[]},"runtimeAttrs":{},"isRESTModernSource":true,"isFileList":false,"handleSpecialChars":false,"tgtObjectAttributes":{},"overriddenFields":[]},{"@type":"mtTaskParameter","id":8572766,"name":"$Target$","type":"TARGET","label":"Target","uiProperties":{"connectionParameterized":"false","objectParameterized":"false","visible":"false","defaultTargetUpdateColumns":""},"targetConnectionId":"@38DqhsmSRrCloDOdwHHRmC","targetObject":"CUSTOMER","targetObjectLabel":"CUSTOMER","newFlatFile":false,"newObject":false,"showBusinessNames":false,"naturalOrder":true,"truncateTarget":true,"bulkApiDBTarget":false,"operationType":"Insert","customFuncCfg":{"@type":"customFuncConfig","id":-1,"connections":[],"inputMap":[],"outputFields":[]},"tgtFieldRefs":{},"targetUpdateColumns":[],"extendedObject":{"@type":"extendedObject","filters":[],"sortFields":[]},"runtimeAttrs":{},"isRESTModernSource":true,"isFileList":false,"handleSpecialChars":false,"tgtObjectAttributes":{},"overriddenFields":[]}],"sequences":[],"inOutParameters":[],"connRuntimeAttrs":[]}]