[{"@type":"mappingTemplate","id":"@1","name":"Mapping with error file","description":"","bundleVersion":"0","templateId":"@3","deployTime":1555104595000,"hasParameters":false,"valid":true,"fixedConnection":true,"hasParametersDeployed":false,"fixedConnectionDeployed":true,"tasks":2,"mappingPreviewFileRecordId":"@2","references":[{"@type":"reference","refObjectId":"@38DqhsmSRrCloDOdwHHRmC","refType":"connection"},{"@type":"reference","refObjectId":"@53TxoKvd2YLggHKaMtguQi","refType":"connection"}]}]