[{"@type":"mtTask","id":"@1","name":"MCT_TopInvoice","description":"","runtimeEnvironmentId":"@1GCoGzLcx0zbBJCHdKULaX","maxLogs":10,"verbose":false,"lastRunTime":1555930770000,"mappingId":"@1jCLKUBYKXVcpgcQ1WUyUZ","shortDescription":"","sessionProperties":{},"enableCrossSchemaPushdown":false,"parameters":[{"@type":"mtTaskParameter","id":7920296,"name":"$Src_RetailSales$","type":"EXTENDED_SOURCE","label":"Src_RetailSales","uiProperties":{"connectionParameterized":"false","isMsrcFilterParameterized":"false","isMsrcSortParameterized":"false","objectParameterized":"false","visible":"false"},"sourceConnectionId":"@9Vu63gRBru4jysKSMje8aV","newFlatFile":false,"newObject":false,"showBusinessNames":false,"naturalOrder":true,"truncateTarget":false,"bulkApiDBTarget":false,"customFuncCfg":{"@type":"customFuncConfig","id":-1,"connections":[],"inputMap":[],"outputFields":[]},"tgtFieldRefs":{},"targetUpdateColumns":[],"extendedObject":{"@type":"extendedObject","object":{"@type":"mObject","name":"retailsales","label":"retailsales","metadataUpdated":false,"relations":[],"children":[]},"filters":[],"sortFields":[]},"runtimeAttrs":{},"isRESTModernSource":true,"isFileList":false,"handleSpecialChars":false,"fetchMode":"ORIGINAL","tgtObjectAttributes":{},"overriddenFields":[]},{"@type":"mtTaskParameter","id":7920297,"name":"$Tgt_TopInvoice$","type":"TARGET","label":"Tgt_TopInvoice","uiProperties":{"connectionParameterized":"false","objectParameterized":"false","visible":"false","defaultTargetUpdateColumns":""},"targetConnectionId":"@9Vu63gRBru4jysKSMje8aV","targetObject":"topinvoice","targetObjectLabel":"topinvoice","newFlatFile":false,"newObject":false,"showBusinessNames":false,"naturalOrder":true,"truncateTarget":false,"bulkApiDBTarget":false,"operationType":"Insert","customFuncCfg":{"@type":"customFuncConfig","id":-1,"connections":[],"inputMap":[],"outputFields":[]},"tgtFieldRefs":{},"targetUpdateColumns":[],"extendedObject":{"@type":"extendedObject","filters":[],"sortFields":[]},"runtimeAttrs":{},"isRESTModernSource":true,"isFileList":false,"handleSpecialChars":false,"fetchMode":"ORIGINAL","tgtObjectAttributes":{},"overriddenFields":[]}],"sequences":[],"inOutParameters":[],"connRuntimeAttrs":[]}]